<?xml version="1.0"?>
<data grt_format="2.0">
  <value _ptr_="0x5637eb4d51d0" type="list" content-type="object" content-struct-name="db.mgmt.Connection">
    <value type="object" struct-name="db.mgmt.Connection" id="828c2bcb-4d51-11ec-9243-4df8296f46c9" struct-checksum="0x96ba47d8">
      <link type="object" struct-name="db.mgmt.Driver" key="driver">com.mysql.rdbms.mysql.driver.native</link>
      <value type="string" key="hostIdentifier">Mysql@register-integration.cxwf6di8wjlr.us-east-1.rds.amazonaws.com:3306</value>
      <value type="int" key="isDefault">0</value>
      <value _ptr_="0x5637eb83a400" type="dict" key="modules"/>
      <value _ptr_="0x5637eb83a480" type="dict" key="parameterValues">
        <value type="string" key="SQL_MODE"></value>
        <value type="string" key="hostName">register-integration.cxwf6di8wjlr.us-east-1.rds.amazonaws.com</value>
        <value type="string" key="password"></value>
        <value type="int" key="port">3306</value>
        <value type="string" key="schema"></value>
        <value type="string" key="sslCA"></value>
        <value type="string" key="sslCert"></value>
        <value type="string" key="sslCipher"></value>
        <value type="string" key="sslKey"></value>
        <value type="int" key="useSSL">1</value>
        <value type="string" key="userName">bruno.souza</value>
      </value>
      <value type="string" key="name">HOMOLOG_Register</value>
      <link type="object" struct-name="GrtObject" key="owner">52156974-6d9d-11ec-b0d9-11953af7bd4a</link>
    </value>
    <value type="object" struct-name="db.mgmt.Connection" id="a7f7fc19-4d51-11ec-9243-4df8296f46c9" struct-checksum="0x96ba47d8">
      <link type="object" struct-name="db.mgmt.Driver" key="driver">com.mysql.rdbms.mysql.driver.native</link>
      <value type="string" key="hostIdentifier">Mysql@register-sandbox.cxwf6di8wjlr.us-east-1.rds.amazonaws.com:3306</value>
      <value type="int" key="isDefault">0</value>
      <value _ptr_="0x5637eb9f1d30" type="dict" key="modules"/>
      <value _ptr_="0x5637eb9f1db0" type="dict" key="parameterValues">
        <value type="string" key="SQL_MODE"></value>
        <value type="string" key="hostName">register-sandbox.cxwf6di8wjlr.us-east-1.rds.amazonaws.com</value>
        <value type="string" key="password"></value>
        <value type="int" key="port">3306</value>
        <value type="string" key="schema"></value>
        <value type="string" key="sslCA"></value>
        <value type="string" key="sslCert"></value>
        <value type="string" key="sslCipher"></value>
        <value type="string" key="sslKey"></value>
        <value type="int" key="useSSL">1</value>
        <value type="string" key="userName">bruno.souza</value>
      </value>
      <value type="string" key="name">SANDBOX_Register</value>
      <link type="object" struct-name="GrtObject" key="owner">52156974-6d9d-11ec-b0d9-11953af7bd4a</link>
    </value>
    <value type="object" struct-name="db.mgmt.Connection" id="afa7e73f-4d51-11ec-9243-4df8296f46c9" struct-checksum="0x96ba47d8">
      <link type="object" struct-name="db.mgmt.Driver" key="driver">com.mysql.rdbms.mysql.driver.native</link>
      <value type="string" key="hostIdentifier">Mysql@register-prod-2.cxwf6di8wjlr.us-east-1.rds.amazonaws.com:3306</value>
      <value type="int" key="isDefault">0</value>
      <value _ptr_="0x5637eb9f2400" type="dict" key="modules"/>
      <value _ptr_="0x5637eb9f2480" type="dict" key="parameterValues">
        <value type="string" key="SQL_MODE"></value>
        <value type="string" key="hostName">register-prod-2.cxwf6di8wjlr.us-east-1.rds.amazonaws.com</value>
        <value type="string" key="password"></value>
        <value type="int" key="port">3306</value>
        <value type="string" key="schema"></value>
        <value type="string" key="sslCA"></value>
        <value type="string" key="sslCert"></value>
        <value type="string" key="sslCipher"></value>
        <value type="string" key="sslKey"></value>
        <value type="int" key="useSSL">1</value>
        <value type="string" key="userName">bruno.souza</value>
      </value>
      <value type="string" key="name">PROD_Register</value>
      <link type="object" struct-name="GrtObject" key="owner">52156974-6d9d-11ec-b0d9-11953af7bd4a</link>
    </value>
    <value type="object" struct-name="db.mgmt.Connection" id="c13dcdc5-4d51-11ec-9243-4df8296f46c9" struct-checksum="0x96ba47d8">
      <link type="object" struct-name="db.mgmt.Driver" key="driver">com.mysql.rdbms.mysql.driver.native</link>
      <value type="string" key="hostIdentifier">Mysql@internal-proxydb-prod-831975806.us-east-1.elb.amazonaws.com:6012</value>
      <value type="int" key="isDefault">0</value>
      <value _ptr_="0x5637eb9f2ad0" type="dict" key="modules"/>
      <value _ptr_="0x5637eb9f2b50" type="dict" key="parameterValues">
        <value type="string" key="SQL_MODE"></value>
        <value type="string" key="hostName">internal-proxydb-prod-831975806.us-east-1.elb.amazonaws.com</value>
        <value type="string" key="password"></value>
        <value type="int" key="port">6012</value>
        <value type="string" key="schema"></value>
        <value type="string" key="sslCA"></value>
        <value type="string" key="sslCert"></value>
        <value type="string" key="sslCipher"></value>
        <value type="string" key="sslKey"></value>
        <value type="int" key="useSSL">1</value>
        <value type="string" key="userName">bruno.souza</value>
      </value>
      <value type="string" key="name">PROD_Paycom_OrderApp</value>
      <link type="object" struct-name="GrtObject" key="owner">52156974-6d9d-11ec-b0d9-11953af7bd4a</link>
    </value>
    <value type="object" struct-name="db.mgmt.Connection" id="e1ea07a5-4d51-11ec-9243-4df8296f46c9" struct-checksum="0x96ba47d8">
      <link type="object" struct-name="db.mgmt.Driver" key="driver">com.mysql.rdbms.mysql.driver.native</link>
      <value type="string" key="hostIdentifier">Mysql@internal-proxydb-prod-831975806.us-east-1.elb.amazonaws.com:6022</value>
      <value type="int" key="isDefault">0</value>
      <value _ptr_="0x5637eb9f31a0" type="dict" key="modules"/>
      <value _ptr_="0x5637eb9f3220" type="dict" key="parameterValues">
        <value type="string" key="SQL_MODE"></value>
        <value type="string" key="hostName">internal-proxydb-prod-831975806.us-east-1.elb.amazonaws.com</value>
        <value type="string" key="password"></value>
        <value type="int" key="port">6022</value>
        <value type="string" key="schema"></value>
        <value type="string" key="sslCA"></value>
        <value type="string" key="sslCert"></value>
        <value type="string" key="sslCipher"></value>
        <value type="string" key="sslKey"></value>
        <value type="int" key="useSSL">1</value>
        <value type="string" key="userName">bruno.souza</value>
      </value>
      <value type="string" key="name">ROD_Fin_Yata_Faugus_ReconciliationPreProcessor</value>
      <link type="object" struct-name="GrtObject" key="owner">52156974-6d9d-11ec-b0d9-11953af7bd4a</link>
    </value>
    <value type="object" struct-name="db.mgmt.Connection" id="fd16e1f1-4d51-11ec-9243-4df8296f46c9" struct-checksum="0x96ba47d8">
      <link type="object" struct-name="db.mgmt.Driver" key="driver">com.mysql.rdbms.mysql.driver.native</link>
      <value type="string" key="hostIdentifier">Mysql@internal-proxydb-prod-831975806.us-east-1.elb.amazonaws.com:6052</value>
      <value type="int" key="isDefault">0</value>
      <value _ptr_="0x5637eb9f3970" type="dict" key="modules"/>
      <value _ptr_="0x5637eb9f39f0" type="dict" key="parameterValues">
        <value type="string" key="SQL_MODE"></value>
        <value type="string" key="hostName">internal-proxydb-prod-831975806.us-east-1.elb.amazonaws.com</value>
        <value type="string" key="password"></value>
        <value type="int" key="port">6052</value>
        <value type="string" key="schema"></value>
        <value type="string" key="sslCA"></value>
        <value type="string" key="sslCert"></value>
        <value type="string" key="sslCipher"></value>
        <value type="string" key="sslKey"></value>
        <value type="int" key="useSSL">1</value>
        <value type="string" key="userName">bruno.souza</value>
      </value>
      <value type="string" key="name">PROD_Wallace</value>
      <link type="object" struct-name="GrtObject" key="owner">52156974-6d9d-11ec-b0d9-11953af7bd4a</link>
    </value>
    <value type="object" struct-name="db.mgmt.Connection" id="41337847-4d55-11ec-9243-4df8296f46c9" struct-checksum="0x96ba47d8">
      <link type="object" struct-name="db.mgmt.Driver" key="driver">com.mysql.rdbms.mysql.driver.native</link>
      <value type="string" key="hostIdentifier">Mysql@bordini-prod.cxwf6di8wjlr.us-east-1.rds.amazonaws.com:3306</value>
      <value type="int" key="isDefault">0</value>
      <value _ptr_="0x5637eb9f4140" type="dict" key="modules"/>
      <value _ptr_="0x5637eb9f41c0" type="dict" key="parameterValues">
        <value type="string" key="SQL_MODE"></value>
        <value type="string" key="hostName">bordini-prod.cxwf6di8wjlr.us-east-1.rds.amazonaws.com</value>
        <value type="string" key="password"></value>
        <value type="int" key="port">3306</value>
        <value type="string" key="schema"></value>
        <value type="string" key="sslCA"></value>
        <value type="string" key="sslCert"></value>
        <value type="string" key="sslCipher"></value>
        <value type="string" key="sslKey"></value>
        <value type="int" key="useSSL">1</value>
        <value type="string" key="userName">bruno.souza</value>
      </value>
      <value type="string" key="name">PROD_Bordini</value>
      <link type="object" struct-name="GrtObject" key="owner">52156974-6d9d-11ec-b0d9-11953af7bd4a</link>
    </value>
    <value type="object" struct-name="db.mgmt.Connection" id="5328bd23-4d55-11ec-9243-4df8296f46c9" struct-checksum="0x96ba47d8">
      <link type="object" struct-name="db.mgmt.Driver" key="driver">com.mysql.rdbms.mysql.driver.native</link>
      <value type="string" key="hostIdentifier">Mysql@internal-proxydb-prod-831975806.us-east-1.elb.amazonaws.com:6082</value>
      <value type="int" key="isDefault">0</value>
      <value _ptr_="0x5637eb9f4910" type="dict" key="modules"/>
      <value _ptr_="0x5637eb9f4990" type="dict" key="parameterValues">
        <value type="string" key="SQL_MODE"></value>
        <value type="string" key="hostName">internal-proxydb-prod-831975806.us-east-1.elb.amazonaws.com</value>
        <value type="string" key="password"></value>
        <value type="int" key="port">6082</value>
        <value type="string" key="schema"></value>
        <value type="string" key="sslCA"></value>
        <value type="string" key="sslCert"></value>
        <value type="string" key="sslCipher"></value>
        <value type="string" key="sslKey"></value>
        <value type="int" key="useSSL">1</value>
        <value type="string" key="userName">bruno.souza</value>
      </value>
      <value type="string" key="name">PROD_Mr_Belly</value>
      <link type="object" struct-name="GrtObject" key="owner">52156974-6d9d-11ec-b0d9-11953af7bd4a</link>
    </value>
    <value type="object" struct-name="db.mgmt.Connection" id="63f25ab5-4d55-11ec-9243-4df8296f46c9" struct-checksum="0x96ba47d8">
      <link type="object" struct-name="db.mgmt.Driver" key="driver">com.mysql.rdbms.mysql.driver.native</link>
      <value type="string" key="hostIdentifier">Mysql@internal-proxydb-prod-831975806.us-east-1.elb.amazonaws.com:6072</value>
      <value type="int" key="isDefault">0</value>
      <value _ptr_="0x5637eb9f50e0" type="dict" key="modules"/>
      <value _ptr_="0x5637eb9f5160" type="dict" key="parameterValues">
        <value type="string" key="SQL_MODE"></value>
        <value type="string" key="hostName">internal-proxydb-prod-831975806.us-east-1.elb.amazonaws.com</value>
        <value type="string" key="password"></value>
        <value type="int" key="port">6072</value>
        <value type="string" key="schema"></value>
        <value type="string" key="sslCA"></value>
        <value type="string" key="sslCert"></value>
        <value type="string" key="sslCipher"></value>
        <value type="string" key="sslKey"></value>
        <value type="int" key="useSSL">1</value>
        <value type="string" key="userName">bruno.souza</value>
      </value>
      <value type="string" key="name">PROD_Cerberus</value>
      <link type="object" struct-name="GrtObject" key="owner">52156974-6d9d-11ec-b0d9-11953af7bd4a</link>
    </value>
    <value type="object" struct-name="db.mgmt.Connection" id="42026bc2-6d9b-11ec-b0d9-11953af7bd4a" struct-checksum="0x96ba47d8">
      <link type="object" struct-name="db.mgmt.Driver" key="driver">com.mysql.rdbms.mysql.driver.native</link>
      <value type="string" key="hostIdentifier">Mysql@localhost:6022</value>
      <value type="int" key="isDefault">1</value>
      <value _ptr_="0x5637eb9f58b0" type="dict" key="modules"/>
      <value _ptr_="0x5637eb9f5930" type="dict" key="parameterValues">
        <value type="string" key="SQL_MODE"></value>
        <value type="string" key="hostName">localhost</value>
        <value type="string" key="password"></value>
        <value type="int" key="port">6022</value>
        <value type="string" key="schema"></value>
        <value type="string" key="sslCA"></value>
        <value type="string" key="sslCert"></value>
        <value type="string" key="sslCipher"></value>
        <value type="string" key="sslKey"></value>
        <value type="int" key="useSSL">1</value>
        <value type="string" key="userName">bruno.souza</value>
      </value>
      <value type="string" key="name">ROD_Fin_Yata_Faugus_ReconciliationPreProcessor1</value>
      <link type="object" struct-name="GrtObject" key="owner">52156974-6d9d-11ec-b0d9-11953af7bd4a</link>
    </value>
  </value>
</data>
