<?xml version="1.0"?>
<data grt_format="2.0">
  <value _ptr_="0x56199dc036e0" type="list" content-type="object" content-struct-name="db.mgmt.ServerInstance">
    <value type="object" struct-name="db.mgmt.ServerInstance" id="a0899932-4d51-11ec-9243-4df8296f46c9" struct-checksum="0x367436e2">
      <link type="object" struct-name="db.mgmt.Connection" key="connection">828c2bcb-4d51-11ec-9243-4df8296f46c9</link>
      <value _ptr_="0x56199e3810a0" type="dict" key="loginInfo"/>
      <value _ptr_="0x56199e381120" type="dict" key="serverInfo">
        <value type="int" key="setupPending">0</value>
        <value type="string" key="sys.sudo"></value>
      </value>
      <value type="string" key="name">HOMOLOG_Register</value>
    </value>
    <value type="object" struct-name="db.mgmt.ServerInstance" id="ae68965c-4d51-11ec-9243-4df8296f46c9" struct-checksum="0x367436e2">
      <link type="object" struct-name="db.mgmt.Connection" key="connection">a7f7fc19-4d51-11ec-9243-4df8296f46c9</link>
      <value _ptr_="0x56199e3816d0" type="dict" key="loginInfo"/>
      <value _ptr_="0x56199e381750" type="dict" key="serverInfo">
        <value type="int" key="setupPending">0</value>
        <value type="string" key="sys.sudo"></value>
      </value>
      <value type="string" key="name">SANDBOX_Register</value>
    </value>
    <value type="object" struct-name="db.mgmt.ServerInstance" id="bf1428c2-4d51-11ec-9243-4df8296f46c9" struct-checksum="0x367436e2">
      <link type="object" struct-name="db.mgmt.Connection" key="connection">afa7e73f-4d51-11ec-9243-4df8296f46c9</link>
      <value _ptr_="0x56199e381d00" type="dict" key="loginInfo"/>
      <value _ptr_="0x56199e381d80" type="dict" key="serverInfo">
        <value type="int" key="setupPending">0</value>
        <value type="string" key="sys.sudo"></value>
      </value>
      <value type="string" key="name">PROD_Register</value>
    </value>
    <value type="object" struct-name="db.mgmt.ServerInstance" id="cd685e98-4d51-11ec-9243-4df8296f46c9" struct-checksum="0x367436e2">
      <link type="object" struct-name="db.mgmt.Connection" key="connection">c13dcdc5-4d51-11ec-9243-4df8296f46c9</link>
      <value _ptr_="0x56199e33ec50" type="dict" key="loginInfo"/>
      <value _ptr_="0x56199e33ecd0" type="dict" key="serverInfo">
        <value type="int" key="setupPending">0</value>
        <value type="string" key="sys.sudo"></value>
      </value>
      <value type="string" key="name">PROD_Paycom_OrderApp</value>
    </value>
    <value type="object" struct-name="db.mgmt.ServerInstance" id="f1b0aa30-4d51-11ec-9243-4df8296f46c9" struct-checksum="0x367436e2">
      <link type="object" struct-name="db.mgmt.Connection" key="connection">e1ea07a5-4d51-11ec-9243-4df8296f46c9</link>
      <value _ptr_="0x56199e33f280" type="dict" key="loginInfo"/>
      <value _ptr_="0x56199e33f300" type="dict" key="serverInfo">
        <value type="int" key="setupPending">0</value>
        <value type="string" key="sys.sudo"></value>
      </value>
      <value type="string" key="name">ROD_Fin_Yata_Faugus_ReconciliationPreProcessor</value>
    </value>
    <value type="object" struct-name="db.mgmt.ServerInstance" id="094c5f36-4d52-11ec-9243-4df8296f46c9" struct-checksum="0x367436e2">
      <link type="object" struct-name="db.mgmt.Connection" key="connection">fd16e1f1-4d51-11ec-9243-4df8296f46c9</link>
      <value _ptr_="0x56199e33f970" type="dict" key="loginInfo"/>
      <value _ptr_="0x56199e33f9f0" type="dict" key="serverInfo">
        <value type="int" key="setupPending">1</value>
      </value>
      <value type="string" key="name">PROD_Wallace</value>
    </value>
    <value type="object" struct-name="db.mgmt.ServerInstance" id="4c3087ac-4d55-11ec-9243-4df8296f46c9" struct-checksum="0x367436e2">
      <link type="object" struct-name="db.mgmt.Connection" key="connection">41337847-4d55-11ec-9243-4df8296f46c9</link>
      <value _ptr_="0x56199e340120" type="dict" key="loginInfo"/>
      <value _ptr_="0x56199e3401a0" type="dict" key="serverInfo">
        <value type="int" key="setupPending">1</value>
      </value>
      <value type="string" key="name">PROD_Bordini</value>
    </value>
    <value type="object" struct-name="db.mgmt.ServerInstance" id="5f55628a-4d55-11ec-9243-4df8296f46c9" struct-checksum="0x367436e2">
      <link type="object" struct-name="db.mgmt.Connection" key="connection">5328bd23-4d55-11ec-9243-4df8296f46c9</link>
      <value _ptr_="0x56199e3408d0" type="dict" key="loginInfo"/>
      <value _ptr_="0x56199e340950" type="dict" key="serverInfo">
        <value type="int" key="setupPending">0</value>
        <value type="string" key="sys.sudo"></value>
      </value>
      <value type="string" key="name">PROD_Mr_Belly</value>
    </value>
    <value type="object" struct-name="db.mgmt.ServerInstance" id="6d109872-4d55-11ec-9243-4df8296f46c9" struct-checksum="0x367436e2">
      <link type="object" struct-name="db.mgmt.Connection" key="connection">63f25ab5-4d55-11ec-9243-4df8296f46c9</link>
      <value _ptr_="0x56199e341080" type="dict" key="loginInfo"/>
      <value _ptr_="0x56199e341100" type="dict" key="serverInfo">
        <value type="int" key="setupPending">0</value>
        <value type="string" key="sys.sudo"></value>
      </value>
      <value type="string" key="name">PROD_Cerberus</value>
    </value>
    <value type="object" struct-name="db.mgmt.ServerInstance" id="42026bc3-6d9b-11ec-b0d9-11953af7bd4a" struct-checksum="0x367436e2">
      <link type="object" struct-name="db.mgmt.Connection" key="connection">42026bc2-6d9b-11ec-b0d9-11953af7bd4a</link>
      <value _ptr_="0x56199e341830" type="dict" key="loginInfo"/>
      <value _ptr_="0x56199e3418b0" type="dict" key="serverInfo">
        <value type="int" key="setupPending">0</value>
        <value type="string" key="sys.sudo"></value>
      </value>
      <value type="string" key="name">ROD_Fin_Yata_Faugus_ReconciliationPreProcessor1</value>
    </value>
  </value>
</data>
